feature,area,priority,original,clone,notes
Home text-only 1-8 favorit,launcher,must,yes,yes,paritas inti
App drawer search + auto-launch,launcher,must,yes,yes,paritas
Hidden apps,launcher,must,yes,yes,paritas
Double-tap lock (device admin),launcher,must,yes,yes,paritas
Daily wallpaper,launcher,must,yes,yes,paritas
Screen time / usage stats,launcher,must,yes,yes,paritas
Private space (API35+),launcher,must,yes,yes,paritas
App rename,launcher,must,yes,yes,paritas
Widget di home,launcher,must,no,yes,Sakinah unggul - AppWidget host tab Productive
Notes/Todo built-in,productive,should,no,yes,Sakinah unggul
Pomodoro/focus timer,productive,should,no,yes,Sakinah unggul
Waktu sholat offline 1 tahun,muslim,must,no,yes,Sakinah unggul - PrayerTimeCalculator
Dzikir + counter,muslim,must,no,yes,Sakinah unggul
Folders di home,launcher,should,pro,no,gap - user Pro bayar mahal
Weather widget,launcher,could,pro,no,gap - fitur pro Olauncher
Penanganan nama dobel di drawer,launcher,should,no,no,"gap - ""can't tell what they are without publisher info"" (96 helpful)"
Landscape mode di phone,launcher,could,no,no,hanya tablet di Olauncher; cek Sakinah
App blocker / mindful launch,digital-wellbeing,should,no,no,"gap pasar - hanya di ""minimalist phone"" $29/yr, user komplain"
